sequence_id,frame_id,scale_type,distortion_type,offset,clean_path,distorted_path
0,0,incremental,blur,40,data/clean/.tiff/0000_frame_00.tiff,data/distorted/.tiff/0000_blur_frame_00.tiff
0,1,incremental,blur,41,data/clean/.tiff/0000_frame_01.tiff,data/distorted/.tiff/0000_blur_frame_01.tiff
0,2,incremental,blur,42,data/clean/.tiff/0000_frame_02.tiff,data/distorted/.tiff/0000_blur_frame_02.tiff
0,3,incremental,blur,43,data/clean/.tiff/0000_frame_03.tiff,data/distorted/.tiff/0000_blur_frame_03.tiff
0,4,incremental,blur,44,data/clean/.tiff/0000_frame_04.tiff,data/distorted/.tiff/0000_blur_frame_04.tiff
0,5,incremental,blur,45,data/clean/.tiff/0000_frame_05.tiff,data/distorted/.tiff/0000_blur_frame_05.tiff
0,6,incremental,blur,46,data/clean/.tiff/0000_frame_06.tiff,data/distorted/.tiff/0000_blur_frame_06.tiff
0,7,incremental,blur,47,data/clean/.tiff/0000_frame_07.tiff,data/distorted/.tiff/0000_blur_frame_07.tiff
0,8,incremental,blur,48,data/clean/.tiff/0000_frame_08.tiff,data/distorted/.tiff/0000_blur_frame_08.tiff
0,9,incremental,blur,49,data/clean/.tiff/0000_frame_09.tiff,data/distorted/.tiff/0000_blur_frame_09.tiff
0,10,incremental,blur,50,data/clean/.tiff/0000_frame_10.tiff,data/distorted/.tiff/0000_blur_frame_10.tiff
0,11,incremental,blur,51,data/clean/.tiff/0000_frame_11.tiff,data/distorted/.tiff/0000_blur_frame_11.tiff
0,12,incremental,blur,52,data/clean/.tiff/0000_frame_12.tiff,data/distorted/.tiff/0000_blur_frame_12.tiff
0,13,incremental,blur,53,data/clean/.tiff/0000_frame_13.tiff,data/distorted/.tiff/0000_blur_frame_13.tiff
0,14,incremental,blur,54,data/clean/.tiff/0000_frame_14.tiff,data/distorted/.tiff/0000_blur_frame_14.tiff
0,15,incremental,blur,55,data/clean/.tiff/0000_frame_15.tiff,data/distorted/.tiff/0000_blur_frame_15.tiff
0,16,incremental,blur,56,data/clean/.tiff/0000_frame_16.tiff,data/distorted/.tiff/0000_blur_frame_16.tiff
0,17,incremental,blur,57,data/clean/.tiff/0000_frame_17.tiff,data/distorted/.tiff/0000_blur_frame_17.tiff
0,18,incremental,blur,58,data/clean/.tiff/0000_frame_18.tiff,data/distorted/.tiff/0000_blur_frame_18.tiff
0,19,incremental,blur,59,data/clean/.tiff/0000_frame_19.tiff,data/distorted/.tiff/0000_blur_frame_19.tiff
0,20,incremental,blur,60,data/clean/.tiff/0000_frame_20.tiff,data/distorted/.tiff/0000_blur_frame_20.tiff
0,21,incremental,blur,61,data/clean/.tiff/0000_frame_21.tiff,data/distorted/.tiff/0000_blur_frame_21.tiff
0,22,incremental,blur,62,data/clean/.tiff/0000_frame_22.tiff,data/distorted/.tiff/0000_blur_frame_22.tiff
0,23,incremental,blur,63,data/clean/.tiff/0000_frame_23.tiff,data/distorted/.tiff/0000_blur_frame_23.tiff
0,24,incremental,blur,64,data/clean/.tiff/0000_frame_24.tiff,data/distorted/.tiff/0000_blur_frame_24.tiff
0,25,incremental,blur,65,data/clean/.tiff/0000_frame_25.tiff,data/distorted/.tiff/0000_blur_frame_25.tiff
0,26,incremental,blur,66,data/clean/.tiff/0000_frame_26.tiff,data/distorted/.tiff/0000_blur_frame_26.tiff
0,27,incremental,blur,67,data/clean/.tiff/0000_frame_27.tiff,data/distorted/.tiff/0000_blur_frame_27.tiff
0,28,incremental,blur,68,data/clean/.tiff/0000_frame_28.tiff,data/distorted/.tiff/0000_blur_frame_28.tiff
0,29,incremental,blur,69,data/clean/.tiff/0000_frame_29.tiff,data/distorted/.tiff/0000_blur_frame_29.tiff
0,30,incremental,blur,70,data/clean/.tiff/0000_frame_30.tiff,data/distorted/.tiff/0000_blur_frame_30.tiff
0,31,incremental,blur,71,data/clean/.tiff/0000_frame_31.tiff,data/distorted/.tiff/0000_blur_frame_31.tiff
0,32,incremental,blur,72,data/clean/.tiff/0000_frame_32.tiff,data/distorted/.tiff/0000_blur_frame_32.tiff
0,33,incremental,blur,73,data/clean/.tiff/0000_frame_33.tiff,data/distorted/.tiff/0000_blur_frame_33.tiff
0,34,incremental,blur,74,data/clean/.tiff/0000_frame_34.tiff,data/distorted/.tiff/0000_blur_frame_34.tiff
0,35,incremental,blur,75,data/clean/.tiff/0000_frame_35.tiff,data/distorted/.tiff/0000_blur_frame_35.tiff
0,36,incremental,blur,76,data/clean/.tiff/0000_frame_36.tiff,data/distorted/.tiff/0000_blur_frame_36.tiff
0,37,incremental,blur,77,data/clean/.tiff/0000_frame_37.tiff,data/distorted/.tiff/0000_blur_frame_37.tiff
0,38,incremental,blur,78,data/clean/.tiff/0000_frame_38.tiff,data/distorted/.tiff/0000_blur_frame_38.tiff
0,39,incremental,blur,79,data/clean/.tiff/0000_frame_39.tiff,data/distorted/.tiff/0000_blur_frame_39.tiff
0,40,incremental,blur,80,data/clean/.tiff/0000_frame_40.tiff,data/distorted/.tiff/0000_blur_frame_40.tiff
0,41,incremental,blur,81,data/clean/.tiff/0000_frame_41.tiff,data/distorted/.tiff/0000_blur_frame_41.tiff
0,42,incremental,blur,82,data/clean/.tiff/0000_frame_42.tiff,data/distorted/.tiff/0000_blur_frame_42.tiff
0,43,incremental,blur,83,data/clean/.tiff/0000_frame_43.tiff,data/distorted/.tiff/0000_blur_frame_43.tiff
0,44,incremental,blur,84,data/clean/.tiff/0000_frame_44.tiff,data/distorted/.tiff/0000_blur_frame_44.tiff
0,45,incremental,blur,85,data/clean/.tiff/0000_frame_45.tiff,data/distorted/.tiff/0000_blur_frame_45.tiff
0,46,incremental,blur,86,data/clean/.tiff/0000_frame_46.tiff,data/distorted/.tiff/0000_blur_frame_46.tiff
0,47,incremental,blur,87,data/clean/.tiff/0000_frame_47.tiff,data/distorted/.tiff/0000_blur_frame_47.tiff
0,48,incremental,blur,88,data/clean/.tiff/0000_frame_48.tiff,data/distorted/.tiff/0000_blur_frame_48.tiff
0,49,incremental,blur,89,data/clean/.tiff/0000_frame_49.tiff,data/distorted/.tiff/0000_blur_frame_49.tiff
1,0,incremental,noise,40,data/clean/.tiff/0001_frame_00.tiff,data/distorted/.tiff/0001_noise_frame_00.tiff
1,1,incremental,noise,41,data/clean/.tiff/0001_frame_01.tiff,data/distorted/.tiff/0001_noise_frame_01.tiff
1,2,incremental,noise,42,data/clean/.tiff/0001_frame_02.tiff,data/distorted/.tiff/0001_noise_frame_02.tiff
1,3,incremental,noise,43,data/clean/.tiff/0001_frame_03.tiff,data/distorted/.tiff/0001_noise_frame_03.tiff
1,4,incremental,noise,44,data/clean/.tiff/0001_frame_04.tiff,data/distorted/.tiff/0001_noise_frame_04.tiff
1,5,incremental,noise,45,data/clean/.tiff/0001_frame_05.tiff,data/distorted/.tiff/0001_noise_frame_05.tiff
1,6,incremental,noise,46,data/clean/.tiff/0001_frame_06.tiff,data/distorted/.tiff/0001_noise_frame_06.tiff
1,7,incremental,noise,47,data/clean/.tiff/0001_frame_07.tiff,data/distorted/.tiff/0001_noise_frame_07.tiff
1,8,incremental,noise,48,data/clean/.tiff/0001_frame_08.tiff,data/distorted/.tiff/0001_noise_frame_08.tiff
1,9,incremental,noise,49,data/clean/.tiff/0001_frame_09.tiff,data/distorted/.tiff/0001_noise_frame_09.tiff
1,10,incremental,noise,50,data/clean/.tiff/0001_frame_10.tiff,data/distorted/.tiff/0001_noise_frame_10.tiff
1,11,incremental,noise,51,data/clean/.tiff/0001_frame_11.tiff,data/distorted/.tiff/0001_noise_frame_11.tiff
1,12,incremental,noise,52,data/clean/.tiff/0001_frame_12.tiff,data/distorted/.tiff/0001_noise_frame_12.tiff
1,13,incremental,noise,53,data/clean/.tiff/0001_frame_13.tiff,data/distorted/.tiff/0001_noise_frame_13.tiff
1,14,incremental,noise,54,data/clean/.tiff/0001_frame_14.tiff,data/distorted/.tiff/0001_noise_frame_14.tiff
1,15,incremental,noise,55,data/clean/.tiff/0001_frame_15.tiff,data/distorted/.tiff/0001_noise_frame_15.tiff
1,16,incremental,noise,56,data/clean/.tiff/0001_frame_16.tiff,data/distorted/.tiff/0001_noise_frame_16.tiff
1,17,incremental,noise,57,data/clean/.tiff/0001_frame_17.tiff,data/distorted/.tiff/0001_noise_frame_17.tiff
1,18,incremental,noise,58,data/clean/.tiff/0001_frame_18.tiff,data/distorted/.tiff/0001_noise_frame_18.tiff
1,19,incremental,noise,59,data/clean/.tiff/0001_frame_19.tiff,data/distorted/.tiff/0001_noise_frame_19.tiff
1,20,incremental,noise,60,data/clean/.tiff/0001_frame_20.tiff,data/distorted/.tiff/0001_noise_frame_20.tiff
1,21,incremental,noise,61,data/clean/.tiff/0001_frame_21.tiff,data/distorted/.tiff/0001_noise_frame_21.tiff
1,22,incremental,noise,62,data/clean/.tiff/0001_frame_22.tiff,data/distorted/.tiff/0001_noise_frame_22.tiff
1,23,incremental,noise,63,data/clean/.tiff/0001_frame_23.tiff,data/distorted/.tiff/0001_noise_frame_23.tiff
1,24,incremental,noise,64,data/clean/.tiff/0001_frame_24.tiff,data/distorted/.tiff/0001_noise_frame_24.tiff
1,25,incremental,noise,65,data/clean/.tiff/0001_frame_25.tiff,data/distorted/.tiff/0001_noise_frame_25.tiff
1,26,incremental,noise,66,data/clean/.tiff/0001_frame_26.tiff,data/distorted/.tiff/0001_noise_frame_26.tiff
1,27,incremental,noise,67,data/clean/.tiff/0001_frame_27.tiff,data/distorted/.tiff/0001_noise_frame_27.tiff
1,28,incremental,noise,68,data/clean/.tiff/0001_frame_28.tiff,data/distorted/.tiff/0001_noise_frame_28.tiff
1,29,incremental,noise,69,data/clean/.tiff/0001_frame_29.tiff,data/distorted/.tiff/0001_noise_frame_29.tiff
1,30,incremental,noise,70,data/clean/.tiff/0001_frame_30.tiff,data/distorted/.tiff/0001_noise_frame_30.tiff
1,31,incremental,noise,71,data/clean/.tiff/0001_frame_31.tiff,data/distorted/.tiff/0001_noise_frame_31.tiff
1,32,incremental,noise,72,data/clean/.tiff/0001_frame_32.tiff,data/distorted/.tiff/0001_noise_frame_32.tiff
1,33,incremental,noise,73,data/clean/.tiff/0001_frame_33.tiff,data/distorted/.tiff/0001_noise_frame_33.tiff
1,34,incremental,noise,74,data/clean/.tiff/0001_frame_34.tiff,data/distorted/.tiff/0001_noise_frame_34.tiff
1,35,incremental,noise,75,data/clean/.tiff/0001_frame_35.tiff,data/distorted/.tiff/0001_noise_frame_35.tiff
1,36,incremental,noise,76,data/clean/.tiff/0001_frame_36.tiff,data/distorted/.tiff/0001_noise_frame_36.tiff
1,37,incremental,noise,77,data/clean/.tiff/0001_frame_37.tiff,data/distorted/.tiff/0001_noise_frame_37.tiff
1,38,incremental,noise,78,data/clean/.tiff/0001_frame_38.tiff,data/distorted/.tiff/0001_noise_frame_38.tiff
1,39,incremental,noise,79,data/clean/.tiff/0001_frame_39.tiff,data/distorted/.tiff/0001_noise_frame_39.tiff
1,40,incremental,noise,80,data/clean/.tiff/0001_frame_40.tiff,data/distorted/.tiff/0001_noise_frame_40.tiff
1,41,incremental,noise,81,data/clean/.tiff/0001_frame_41.tiff,data/distorted/.tiff/0001_noise_frame_41.tiff
1,42,incremental,noise,82,data/clean/.tiff/0001_frame_42.tiff,data/distorted/.tiff/0001_noise_frame_42.tiff
1,43,incremental,noise,83,data/clean/.tiff/0001_frame_43.tiff,data/distorted/.tiff/0001_noise_frame_43.tiff
1,44,incremental,noise,84,data/clean/.tiff/0001_frame_44.tiff,data/distorted/.tiff/0001_noise_frame_44.tiff
1,45,incremental,noise,85,data/clean/.tiff/0001_frame_45.tiff,data/distorted/.tiff/0001_noise_frame_45.tiff
1,46,incremental,noise,86,data/clean/.tiff/0001_frame_46.tiff,data/distorted/.tiff/0001_noise_frame_46.tiff
1,47,incremental,noise,87,data/clean/.tiff/0001_frame_47.tiff,data/distorted/.tiff/0001_noise_frame_47.tiff
1,48,incremental,noise,88,data/clean/.tiff/0001_frame_48.tiff,data/distorted/.tiff/0001_noise_frame_48.tiff
1,49,incremental,noise,89,data/clean/.tiff/0001_frame_49.tiff,data/distorted/.tiff/0001_noise_frame_49.tiff
2,0,incremental,scratch,40,data/clean/.tiff/0002_frame_00.tiff,data/distorted/.tiff/0002_scratch_frame_00.tiff
2,1,incremental,scratch,41,data/clean/.tiff/0002_frame_01.tiff,data/distorted/.tiff/0002_scratch_frame_01.tiff
2,2,incremental,scratch,42,data/clean/.tiff/0002_frame_02.tiff,data/distorted/.tiff/0002_scratch_frame_02.tiff
2,3,incremental,scratch,43,data/clean/.tiff/0002_frame_03.tiff,data/distorted/.tiff/0002_scratch_frame_03.tiff
2,4,incremental,scratch,44,data/clean/.tiff/0002_frame_04.tiff,data/distorted/.tiff/0002_scratch_frame_04.tiff
2,5,incremental,scratch,45,data/clean/.tiff/0002_frame_05.tiff,data/distorted/.tiff/0002_scratch_frame_05.tiff
2,6,incremental,scratch,46,data/clean/.tiff/0002_frame_06.tiff,data/distorted/.tiff/0002_scratch_frame_06.tiff
2,7,incremental,scratch,47,data/clean/.tiff/0002_frame_07.tiff,data/distorted/.tiff/0002_scratch_frame_07.tiff
2,8,incremental,scratch,48,data/clean/.tiff/0002_frame_08.tiff,data/distorted/.tiff/0002_scratch_frame_08.tiff
2,9,incremental,scratch,49,data/clean/.tiff/0002_frame_09.tiff,data/distorted/.tiff/0002_scratch_frame_09.tiff
2,10,incremental,scratch,50,data/clean/.tiff/0002_frame_10.tiff,data/distorted/.tiff/0002_scratch_frame_10.tiff
2,11,incremental,scratch,51,data/clean/.tiff/0002_frame_11.tiff,data/distorted/.tiff/0002_scratch_frame_11.tiff
2,12,incremental,scratch,52,data/clean/.tiff/0002_frame_12.tiff,data/distorted/.tiff/0002_scratch_frame_12.tiff
2,13,incremental,scratch,53,data/clean/.tiff/0002_frame_13.tiff,data/distorted/.tiff/0002_scratch_frame_13.tiff
2,14,incremental,scratch,54,data/clean/.tiff/0002_frame_14.tiff,data/distorted/.tiff/0002_scratch_frame_14.tiff
2,15,incremental,scratch,55,data/clean/.tiff/0002_frame_15.tiff,data/distorted/.tiff/0002_scratch_frame_15.tiff
2,16,incremental,scratch,56,data/clean/.tiff/0002_frame_16.tiff,data/distorted/.tiff/0002_scratch_frame_16.tiff
2,17,incremental,scratch,57,data/clean/.tiff/0002_frame_17.tiff,data/distorted/.tiff/0002_scratch_frame_17.tiff
2,18,incremental,scratch,58,data/clean/.tiff/0002_frame_18.tiff,data/distorted/.tiff/0002_scratch_frame_18.tiff
2,19,incremental,scratch,59,data/clean/.tiff/0002_frame_19.tiff,data/distorted/.tiff/0002_scratch_frame_19.tiff
2,20,incremental,scratch,60,data/clean/.tiff/0002_frame_20.tiff,data/distorted/.tiff/0002_scratch_frame_20.tiff
2,21,incremental,scratch,61,data/clean/.tiff/0002_frame_21.tiff,data/distorted/.tiff/0002_scratch_frame_21.tiff
2,22,incremental,scratch,62,data/clean/.tiff/0002_frame_22.tiff,data/distorted/.tiff/0002_scratch_frame_22.tiff
2,23,incremental,scratch,63,data/clean/.tiff/0002_frame_23.tiff,data/distorted/.tiff/0002_scratch_frame_23.tiff
2,24,incremental,scratch,64,data/clean/.tiff/0002_frame_24.tiff,data/distorted/.tiff/0002_scratch_frame_24.tiff
2,25,incremental,scratch,65,data/clean/.tiff/0002_frame_25.tiff,data/distorted/.tiff/0002_scratch_frame_25.tiff
2,26,incremental,scratch,66,data/clean/.tiff/0002_frame_26.tiff,data/distorted/.tiff/0002_scratch_frame_26.tiff
2,27,incremental,scratch,67,data/clean/.tiff/0002_frame_27.tiff,data/distorted/.tiff/0002_scratch_frame_27.tiff
2,28,incremental,scratch,68,data/clean/.tiff/0002_frame_28.tiff,data/distorted/.tiff/0002_scratch_frame_28.tiff
2,29,incremental,scratch,69,data/clean/.tiff/0002_frame_29.tiff,data/distorted/.tiff/0002_scratch_frame_29.tiff
2,30,incremental,scratch,70,data/clean/.tiff/0002_frame_30.tiff,data/distorted/.tiff/0002_scratch_frame_30.tiff
2,31,incremental,scratch,71,data/clean/.tiff/0002_frame_31.tiff,data/distorted/.tiff/0002_scratch_frame_31.tiff
2,32,incremental,scratch,72,data/clean/.tiff/0002_frame_32.tiff,data/distorted/.tiff/0002_scratch_frame_32.tiff
2,33,incremental,scratch,73,data/clean/.tiff/0002_frame_33.tiff,data/distorted/.tiff/0002_scratch_frame_33.tiff
2,34,incremental,scratch,74,data/clean/.tiff/0002_frame_34.tiff,data/distorted/.tiff/0002_scratch_frame_34.tiff
2,35,incremental,scratch,75,data/clean/.tiff/0002_frame_35.tiff,data/distorted/.tiff/0002_scratch_frame_35.tiff
2,36,incremental,scratch,76,data/clean/.tiff/0002_frame_36.tiff,data/distorted/.tiff/0002_scratch_frame_36.tiff
2,37,incremental,scratch,77,data/clean/.tiff/0002_frame_37.tiff,data/distorted/.tiff/0002_scratch_frame_37.tiff
2,38,incremental,scratch,78,data/clean/.tiff/0002_frame_38.tiff,data/distorted/.tiff/0002_scratch_frame_38.tiff
2,39,incremental,scratch,79,data/clean/.tiff/0002_frame_39.tiff,data/distorted/.tiff/0002_scratch_frame_39.tiff
2,40,incremental,scratch,80,data/clean/.tiff/0002_frame_40.tiff,data/distorted/.tiff/0002_scratch_frame_40.tiff
2,41,incremental,scratch,81,data/clean/.tiff/0002_frame_41.tiff,data/distorted/.tiff/0002_scratch_frame_41.tiff
2,42,incremental,scratch,82,data/clean/.tiff/0002_frame_42.tiff,data/distorted/.tiff/0002_scratch_frame_42.tiff
2,43,incremental,scratch,83,data/clean/.tiff/0002_frame_43.tiff,data/distorted/.tiff/0002_scratch_frame_43.tiff
2,44,incremental,scratch,84,data/clean/.tiff/0002_frame_44.tiff,data/distorted/.tiff/0002_scratch_frame_44.tiff
2,45,incremental,scratch,85,data/clean/.tiff/0002_frame_45.tiff,data/distorted/.tiff/0002_scratch_frame_45.tiff
2,46,incremental,scratch,86,data/clean/.tiff/0002_frame_46.tiff,data/distorted/.tiff/0002_scratch_frame_46.tiff
2,47,incremental,scratch,87,data/clean/.tiff/0002_frame_47.tiff,data/distorted/.tiff/0002_scratch_frame_47.tiff
2,48,incremental,scratch,88,data/clean/.tiff/0002_frame_48.tiff,data/distorted/.tiff/0002_scratch_frame_48.tiff
2,49,incremental,scratch,89,data/clean/.tiff/0002_frame_49.tiff,data/distorted/.tiff/0002_scratch_frame_49.tiff
3,0,incremental,lighting,40,data/clean/.tiff/0003_frame_00.tiff,data/distorted/.tiff/0003_lighting_frame_00.tiff
3,1,incremental,lighting,41,data/clean/.tiff/0003_frame_01.tiff,data/distorted/.tiff/0003_lighting_frame_01.tiff
3,2,incremental,lighting,42,data/clean/.tiff/0003_frame_02.tiff,data/distorted/.tiff/0003_lighting_frame_02.tiff
3,3,incremental,lighting,43,data/clean/.tiff/0003_frame_03.tiff,data/distorted/.tiff/0003_lighting_frame_03.tiff
3,4,incremental,lighting,44,data/clean/.tiff/0003_frame_04.tiff,data/distorted/.tiff/0003_lighting_frame_04.tiff
3,5,incremental,lighting,45,data/clean/.tiff/0003_frame_05.tiff,data/distorted/.tiff/0003_lighting_frame_05.tiff
3,6,incremental,lighting,46,data/clean/.tiff/0003_frame_06.tiff,data/distorted/.tiff/0003_lighting_frame_06.tiff
3,7,incremental,lighting,47,data/clean/.tiff/0003_frame_07.tiff,data/distorted/.tiff/0003_lighting_frame_07.tiff
3,8,incremental,lighting,48,data/clean/.tiff/0003_frame_08.tiff,data/distorted/.tiff/0003_lighting_frame_08.tiff
3,9,incremental,lighting,49,data/clean/.tiff/0003_frame_09.tiff,data/distorted/.tiff/0003_lighting_frame_09.tiff
3,10,incremental,lighting,50,data/clean/.tiff/0003_frame_10.tiff,data/distorted/.tiff/0003_lighting_frame_10.tiff
3,11,incremental,lighting,51,data/clean/.tiff/0003_frame_11.tiff,data/distorted/.tiff/0003_lighting_frame_11.tiff
3,12,incremental,lighting,52,data/clean/.tiff/0003_frame_12.tiff,data/distorted/.tiff/0003_lighting_frame_12.tiff
3,13,incremental,lighting,53,data/clean/.tiff/0003_frame_13.tiff,data/distorted/.tiff/0003_lighting_frame_13.tiff
3,14,incremental,lighting,54,data/clean/.tiff/0003_frame_14.tiff,data/distorted/.tiff/0003_lighting_frame_14.tiff
3,15,incremental,lighting,55,data/clean/.tiff/0003_frame_15.tiff,data/distorted/.tiff/0003_lighting_frame_15.tiff
3,16,incremental,lighting,56,data/clean/.tiff/0003_frame_16.tiff,data/distorted/.tiff/0003_lighting_frame_16.tiff
3,17,incremental,lighting,57,data/clean/.tiff/0003_frame_17.tiff,data/distorted/.tiff/0003_lighting_frame_17.tiff
3,18,incremental,lighting,58,data/clean/.tiff/0003_frame_18.tiff,data/distorted/.tiff/0003_lighting_frame_18.tiff
3,19,incremental,lighting,59,data/clean/.tiff/0003_frame_19.tiff,data/distorted/.tiff/0003_lighting_frame_19.tiff
3,20,incremental,lighting,60,data/clean/.tiff/0003_frame_20.tiff,data/distorted/.tiff/0003_lighting_frame_20.tiff
3,21,incremental,lighting,61,data/clean/.tiff/0003_frame_21.tiff,data/distorted/.tiff/0003_lighting_frame_21.tiff
3,22,incremental,lighting,62,data/clean/.tiff/0003_frame_22.tiff,data/distorted/.tiff/0003_lighting_frame_22.tiff
3,23,incremental,lighting,63,data/clean/.tiff/0003_frame_23.tiff,data/distorted/.tiff/0003_lighting_frame_23.tiff
3,24,incremental,lighting,64,data/clean/.tiff/0003_frame_24.tiff,data/distorted/.tiff/0003_lighting_frame_24.tiff
3,25,incremental,lighting,65,data/clean/.tiff/0003_frame_25.tiff,data/distorted/.tiff/0003_lighting_frame_25.tiff
3,26,incremental,lighting,66,data/clean/.tiff/0003_frame_26.tiff,data/distorted/.tiff/0003_lighting_frame_26.tiff
3,27,incremental,lighting,67,data/clean/.tiff/0003_frame_27.tiff,data/distorted/.tiff/0003_lighting_frame_27.tiff
3,28,incremental,lighting,68,data/clean/.tiff/0003_frame_28.tiff,data/distorted/.tiff/0003_lighting_frame_28.tiff
3,29,incremental,lighting,69,data/clean/.tiff/0003_frame_29.tiff,data/distorted/.tiff/0003_lighting_frame_29.tiff
3,30,incremental,lighting,70,data/clean/.tiff/0003_frame_30.tiff,data/distorted/.tiff/0003_lighting_frame_30.tiff
3,31,incremental,lighting,71,data/clean/.tiff/0003_frame_31.tiff,data/distorted/.tiff/0003_lighting_frame_31.tiff
3,32,incremental,lighting,72,data/clean/.tiff/0003_frame_32.tiff,data/distorted/.tiff/0003_lighting_frame_32.tiff
3,33,incremental,lighting,73,data/clean/.tiff/0003_frame_33.tiff,data/distorted/.tiff/0003_lighting_frame_33.tiff
3,34,incremental,lighting,74,data/clean/.tiff/0003_frame_34.tiff,data/distorted/.tiff/0003_lighting_frame_34.tiff
3,35,incremental,lighting,75,data/clean/.tiff/0003_frame_35.tiff,data/distorted/.tiff/0003_lighting_frame_35.tiff
3,36,incremental,lighting,76,data/clean/.tiff/0003_frame_36.tiff,data/distorted/.tiff/0003_lighting_frame_36.tiff
3,37,incremental,lighting,77,data/clean/.tiff/0003_frame_37.tiff,data/distorted/.tiff/0003_lighting_frame_37.tiff
3,38,incremental,lighting,78,data/clean/.tiff/0003_frame_38.tiff,data/distorted/.tiff/0003_lighting_frame_38.tiff
3,39,incremental,lighting,79,data/clean/.tiff/0003_frame_39.tiff,data/distorted/.tiff/0003_lighting_frame_39.tiff
3,40,incremental,lighting,80,data/clean/.tiff/0003_frame_40.tiff,data/distorted/.tiff/0003_lighting_frame_40.tiff
3,41,incremental,lighting,81,data/clean/.tiff/0003_frame_41.tiff,data/distorted/.tiff/0003_lighting_frame_41.tiff
3,42,incremental,lighting,82,data/clean/.tiff/0003_frame_42.tiff,data/distorted/.tiff/0003_lighting_frame_42.tiff
3,43,incremental,lighting,83,data/clean/.tiff/0003_frame_43.tiff,data/distorted/.tiff/0003_lighting_frame_43.tiff
3,44,incremental,lighting,84,data/clean/.tiff/0003_frame_44.tiff,data/distorted/.tiff/0003_lighting_frame_44.tiff
3,45,incremental,lighting,85,data/clean/.tiff/0003_frame_45.tiff,data/distorted/.tiff/0003_lighting_frame_45.tiff
3,46,incremental,lighting,86,data/clean/.tiff/0003_frame_46.tiff,data/distorted/.tiff/0003_lighting_frame_46.tiff
3,47,incremental,lighting,87,data/clean/.tiff/0003_frame_47.tiff,data/distorted/.tiff/0003_lighting_frame_47.tiff
3,48,incremental,lighting,88,data/clean/.tiff/0003_frame_48.tiff,data/distorted/.tiff/0003_lighting_frame_48.tiff
3,49,incremental,lighting,89,data/clean/.tiff/0003_frame_49.tiff,data/distorted/.tiff/0003_lighting_frame_49.tiff
4,0,incremental,combined,40,data/clean/.tiff/0004_frame_00.tiff,data/distorted/.tiff/0004_combined_frame_00.tiff
4,1,incremental,combined,41,data/clean/.tiff/0004_frame_01.tiff,data/distorted/.tiff/0004_combined_frame_01.tiff
4,2,incremental,combined,42,data/clean/.tiff/0004_frame_02.tiff,data/distorted/.tiff/0004_combined_frame_02.tiff
4,3,incremental,combined,43,data/clean/.tiff/0004_frame_03.tiff,data/distorted/.tiff/0004_combined_frame_03.tiff
4,4,incremental,combined,44,data/clean/.tiff/0004_frame_04.tiff,data/distorted/.tiff/0004_combined_frame_04.tiff
4,5,incremental,combined,45,data/clean/.tiff/0004_frame_05.tiff,data/distorted/.tiff/0004_combined_frame_05.tiff
4,6,incremental,combined,46,data/clean/.tiff/0004_frame_06.tiff,data/distorted/.tiff/0004_combined_frame_06.tiff
4,7,incremental,combined,47,data/clean/.tiff/0004_frame_07.tiff,data/distorted/.tiff/0004_combined_frame_07.tiff
4,8,incremental,combined,48,data/clean/.tiff/0004_frame_08.tiff,data/distorted/.tiff/0004_combined_frame_08.tiff
4,9,incremental,combined,49,data/clean/.tiff/0004_frame_09.tiff,data/distorted/.tiff/0004_combined_frame_09.tiff
4,10,incremental,combined,50,data/clean/.tiff/0004_frame_10.tiff,data/distorted/.tiff/0004_combined_frame_10.tiff
4,11,incremental,combined,51,data/clean/.tiff/0004_frame_11.tiff,data/distorted/.tiff/0004_combined_frame_11.tiff
4,12,incremental,combined,52,data/clean/.tiff/0004_frame_12.tiff,data/distorted/.tiff/0004_combined_frame_12.tiff
4,13,incremental,combined,53,data/clean/.tiff/0004_frame_13.tiff,data/distorted/.tiff/0004_combined_frame_13.tiff
4,14,incremental,combined,54,data/clean/.tiff/0004_frame_14.tiff,data/distorted/.tiff/0004_combined_frame_14.tiff
4,15,incremental,combined,55,data/clean/.tiff/0004_frame_15.tiff,data/distorted/.tiff/0004_combined_frame_15.tiff
4,16,incremental,combined,56,data/clean/.tiff/0004_frame_16.tiff,data/distorted/.tiff/0004_combined_frame_16.tiff
4,17,incremental,combined,57,data/clean/.tiff/0004_frame_17.tiff,data/distorted/.tiff/0004_combined_frame_17.tiff
4,18,incremental,combined,58,data/clean/.tiff/0004_frame_18.tiff,data/distorted/.tiff/0004_combined_frame_18.tiff
4,19,incremental,combined,59,data/clean/.tiff/0004_frame_19.tiff,data/distorted/.tiff/0004_combined_frame_19.tiff
4,20,incremental,combined,60,data/clean/.tiff/0004_frame_20.tiff,data/distorted/.tiff/0004_combined_frame_20.tiff
4,21,incremental,combined,61,data/clean/.tiff/0004_frame_21.tiff,data/distorted/.tiff/0004_combined_frame_21.tiff
4,22,incremental,combined,62,data/clean/.tiff/0004_frame_22.tiff,data/distorted/.tiff/0004_combined_frame_22.tiff
4,23,incremental,combined,63,data/clean/.tiff/0004_frame_23.tiff,data/distorted/.tiff/0004_combined_frame_23.tiff
4,24,incremental,combined,64,data/clean/.tiff/0004_frame_24.tiff,data/distorted/.tiff/0004_combined_frame_24.tiff
4,25,incremental,combined,65,data/clean/.tiff/0004_frame_25.tiff,data/distorted/.tiff/0004_combined_frame_25.tiff
4,26,incremental,combined,66,data/clean/.tiff/0004_frame_26.tiff,data/distorted/.tiff/0004_combined_frame_26.tiff
4,27,incremental,combined,67,data/clean/.tiff/0004_frame_27.tiff,data/distorted/.tiff/0004_combined_frame_27.tiff
4,28,incremental,combined,68,data/clean/.tiff/0004_frame_28.tiff,data/distorted/.tiff/0004_combined_frame_28.tiff
4,29,incremental,combined,69,data/clean/.tiff/0004_frame_29.tiff,data/distorted/.tiff/0004_combined_frame_29.tiff
4,30,incremental,combined,70,data/clean/.tiff/0004_frame_30.tiff,data/distorted/.tiff/0004_combined_frame_30.tiff
4,31,incremental,combined,71,data/clean/.tiff/0004_frame_31.tiff,data/distorted/.tiff/0004_combined_frame_31.tiff
4,32,incremental,combined,72,data/clean/.tiff/0004_frame_32.tiff,data/distorted/.tiff/0004_combined_frame_32.tiff
4,33,incremental,combined,73,data/clean/.tiff/0004_frame_33.tiff,data/distorted/.tiff/0004_combined_frame_33.tiff
4,34,incremental,combined,74,data/clean/.tiff/0004_frame_34.tiff,data/distorted/.tiff/0004_combined_frame_34.tiff
4,35,incremental,combined,75,data/clean/.tiff/0004_frame_35.tiff,data/distorted/.tiff/0004_combined_frame_35.tiff
4,36,incremental,combined,76,data/clean/.tiff/0004_frame_36.tiff,data/distorted/.tiff/0004_combined_frame_36.tiff
4,37,incremental,combined,77,data/clean/.tiff/0004_frame_37.tiff,data/distorted/.tiff/0004_combined_frame_37.tiff
4,38,incremental,combined,78,data/clean/.tiff/0004_frame_38.tiff,data/distorted/.tiff/0004_combined_frame_38.tiff
4,39,incremental,combined,79,data/clean/.tiff/0004_frame_39.tiff,data/distorted/.tiff/0004_combined_frame_39.tiff
4,40,incremental,combined,80,data/clean/.tiff/0004_frame_40.tiff,data/distorted/.tiff/0004_combined_frame_40.tiff
4,41,incremental,combined,81,data/clean/.tiff/0004_frame_41.tiff,data/distorted/.tiff/0004_combined_frame_41.tiff
4,42,incremental,combined,82,data/clean/.tiff/0004_frame_42.tiff,data/distorted/.tiff/0004_combined_frame_42.tiff
4,43,incremental,combined,83,data/clean/.tiff/0004_frame_43.tiff,data/distorted/.tiff/0004_combined_frame_43.tiff
4,44,incremental,combined,84,data/clean/.tiff/0004_frame_44.tiff,data/distorted/.tiff/0004_combined_frame_44.tiff
4,45,incremental,combined,85,data/clean/.tiff/0004_frame_45.tiff,data/distorted/.tiff/0004_combined_frame_45.tiff
4,46,incremental,combined,86,data/clean/.tiff/0004_frame_46.tiff,data/distorted/.tiff/0004_combined_frame_46.tiff
4,47,incremental,combined,87,data/clean/.tiff/0004_frame_47.tiff,data/distorted/.tiff/0004_combined_frame_47.tiff
4,48,incremental,combined,88,data/clean/.tiff/0004_frame_48.tiff,data/distorted/.tiff/0004_combined_frame_48.tiff
4,49,incremental,combined,89,data/clean/.tiff/0004_frame_49.tiff,data/distorted/.tiff/0004_combined_frame_49.tiff
5,0,incremental,noise_scratch_blur,40,data/clean/.tiff/0005_frame_00.tiff,data/distorted/.tiff/0005_noise_scratch_blur_frame_00.tiff
5,1,incremental,noise_scratch_blur,41,data/clean/.tiff/0005_frame_01.tiff,data/distorted/.tiff/0005_noise_scratch_blur_frame_01.tiff
5,2,incremental,noise_scratch_blur,42,data/clean/.tiff/0005_frame_02.tiff,data/distorted/.tiff/0005_noise_scratch_blur_frame_02.tiff
5,3,incremental,noise_scratch_blur,43,data/clean/.tiff/0005_frame_03.tiff,data/distorted/.tiff/0005_noise_scratch_blur_frame_03.tiff
5,4,incremental,noise_scratch_blur,44,data/clean/.tiff/0005_frame_04.tiff,data/distorted/.tiff/0005_noise_scratch_blur_frame_04.tiff
5,5,incremental,noise_scratch_blur,45,data/clean/.tiff/0005_frame_05.tiff,data/distorted/.tiff/0005_noise_scratch_blur_frame_05.tiff
5,6,incremental,noise_scratch_blur,46,data/clean/.tiff/0005_frame_06.tiff,data/distorted/.tiff/0005_noise_scratch_blur_frame_06.tiff
5,7,incremental,noise_scratch_blur,47,data/clean/.tiff/0005_frame_07.tiff,data/distorted/.tiff/0005_noise_scratch_blur_frame_07.tiff
5,8,incremental,noise_scratch_blur,48,data/clean/.tiff/0005_frame_08.tiff,data/distorted/.tiff/0005_noise_scratch_blur_frame_08.tiff
5,9,incremental,noise_scratch_blur,49,data/clean/.tiff/0005_frame_09.tiff,data/distorted/.tiff/0005_noise_scratch_blur_frame_09.tiff
5,10,incremental,noise_scratch_blur,50,data/clean/.tiff/0005_frame_10.tiff,data/distorted/.tiff/0005_noise_scratch_blur_frame_10.tiff
5,11,incremental,noise_scratch_blur,51,data/clean/.tiff/0005_frame_11.tiff,data/distorted/.tiff/0005_noise_scratch_blur_frame_11.tiff
5,12,incremental,noise_scratch_blur,52,data/clean/.tiff/0005_frame_12.tiff,data/distorted/.tiff/0005_noise_scratch_blur_frame_12.tiff
5,13,incremental,noise_scratch_blur,53,data/clean/.tiff/0005_frame_13.tiff,data/distorted/.tiff/0005_noise_scratch_blur_frame_13.tiff
5,14,incremental,noise_scratch_blur,54,data/clean/.tiff/0005_frame_14.tiff,data/distorted/.tiff/0005_noise_scratch_blur_frame_14.tiff
5,15,incremental,noise_scratch_blur,55,data/clean/.tiff/0005_frame_15.tiff,data/distorted/.tiff/0005_noise_scratch_blur_frame_15.tiff
5,16,incremental,noise_scratch_blur,56,data/clean/.tiff/0005_frame_16.tiff,data/distorted/.tiff/0005_noise_scratch_blur_frame_16.tiff
5,17,incremental,noise_scratch_blur,57,data/clean/.tiff/0005_frame_17.tiff,data/distorted/.tiff/0005_noise_scratch_blur_frame_17.tiff
5,18,incremental,noise_scratch_blur,58,data/clean/.tiff/0005_frame_18.tiff,data/distorted/.tiff/0005_noise_scratch_blur_frame_18.tiff
5,19,incremental,noise_scratch_blur,59,data/clean/.tiff/0005_frame_19.tiff,data/distorted/.tiff/0005_noise_scratch_blur_frame_19.tiff
5,20,incremental,noise_scratch_blur,60,data/clean/.tiff/0005_frame_20.tiff,data/distorted/.tiff/0005_noise_scratch_blur_frame_20.tiff
5,21,incremental,noise_scratch_blur,61,data/clean/.tiff/0005_frame_21.tiff,data/distorted/.tiff/0005_noise_scratch_blur_frame_21.tiff
5,22,incremental,noise_scratch_blur,62,data/clean/.tiff/0005_frame_22.tiff,data/distorted/.tiff/0005_noise_scratch_blur_frame_22.tiff
5,23,incremental,noise_scratch_blur,63,data/clean/.tiff/0005_frame_23.tiff,data/distorted/.tiff/0005_noise_scratch_blur_frame_23.tiff
5,24,incremental,noise_scratch_blur,64,data/clean/.tiff/0005_frame_24.tiff,data/distorted/.tiff/0005_noise_scratch_blur_frame_24.tiff
5,25,incremental,noise_scratch_blur,65,data/clean/.tiff/0005_frame_25.tiff,data/distorted/.tiff/0005_noise_scratch_blur_frame_25.tiff
5,26,incremental,noise_scratch_blur,66,data/clean/.tiff/0005_frame_26.tiff,data/distorted/.tiff/0005_noise_scratch_blur_frame_26.tiff
5,27,incremental,noise_scratch_blur,67,data/clean/.tiff/0005_frame_27.tiff,data/distorted/.tiff/0005_noise_scratch_blur_frame_27.tiff
5,28,incremental,noise_scratch_blur,68,data/clean/.tiff/0005_frame_28.tiff,data/distorted/.tiff/0005_noise_scratch_blur_frame_28.tiff
5,29,incremental,noise_scratch_blur,69,data/clean/.tiff/0005_frame_29.tiff,data/distorted/.tiff/0005_noise_scratch_blur_frame_29.tiff
5,30,incremental,noise_scratch_blur,70,data/clean/.tiff/0005_frame_30.tiff,data/distorted/.tiff/0005_noise_scratch_blur_frame_30.tiff
5,31,incremental,noise_scratch_blur,71,data/clean/.tiff/0005_frame_31.tiff,data/distorted/.tiff/0005_noise_scratch_blur_frame_31.tiff
5,32,incremental,noise_scratch_blur,72,data/clean/.tiff/0005_frame_32.tiff,data/distorted/.tiff/0005_noise_scratch_blur_frame_32.tiff
5,33,incremental,noise_scratch_blur,73,data/clean/.tiff/0005_frame_33.tiff,data/distorted/.tiff/0005_noise_scratch_blur_frame_33.tiff
5,34,incremental,noise_scratch_blur,74,data/clean/.tiff/0005_frame_34.tiff,data/distorted/.tiff/0005_noise_scratch_blur_frame_34.tiff
5,35,incremental,noise_scratch_blur,75,data/clean/.tiff/0005_frame_35.tiff,data/distorted/.tiff/0005_noise_scratch_blur_frame_35.tiff
5,36,incremental,noise_scratch_blur,76,data/clean/.tiff/0005_frame_36.tiff,data/distorted/.tiff/0005_noise_scratch_blur_frame_36.tiff
5,37,incremental,noise_scratch_blur,77,data/clean/.tiff/0005_frame_37.tiff,data/distorted/.tiff/0005_noise_scratch_blur_frame_37.tiff
5,38,incremental,noise_scratch_blur,78,data/clean/.tiff/0005_frame_38.tiff,data/distorted/.tiff/0005_noise_scratch_blur_frame_38.tiff
5,39,incremental,noise_scratch_blur,79,data/clean/.tiff/0005_frame_39.tiff,data/distorted/.tiff/0005_noise_scratch_blur_frame_39.tiff
5,40,incremental,noise_scratch_blur,80,data/clean/.tiff/0005_frame_40.tiff,data/distorted/.tiff/0005_noise_scratch_blur_frame_40.tiff
5,41,incremental,noise_scratch_blur,81,data/clean/.tiff/0005_frame_41.tiff,data/distorted/.tiff/0005_noise_scratch_blur_frame_41.tiff
5,42,incremental,noise_scratch_blur,82,data/clean/.tiff/0005_frame_42.tiff,data/distorted/.tiff/0005_noise_scratch_blur_frame_42.tiff
5,43,incremental,noise_scratch_blur,83,data/clean/.tiff/0005_frame_43.tiff,data/distorted/.tiff/0005_noise_scratch_blur_frame_43.tiff
5,44,incremental,noise_scratch_blur,84,data/clean/.tiff/0005_frame_44.tiff,data/distorted/.tiff/0005_noise_scratch_blur_frame_44.tiff
5,45,incremental,noise_scratch_blur,85,data/clean/.tiff/0005_frame_45.tiff,data/distorted/.tiff/0005_noise_scratch_blur_frame_45.tiff
5,46,incremental,noise_scratch_blur,86,data/clean/.tiff/0005_frame_46.tiff,data/distorted/.tiff/0005_noise_scratch_blur_frame_46.tiff
5,47,incremental,noise_scratch_blur,87,data/clean/.tiff/0005_frame_47.tiff,data/distorted/.tiff/0005_noise_scratch_blur_frame_47.tiff
5,48,incremental,noise_scratch_blur,88,data/clean/.tiff/0005_frame_48.tiff,data/distorted/.tiff/0005_noise_scratch_blur_frame_48.tiff
5,49,incremental,noise_scratch_blur,89,data/clean/.tiff/0005_frame_49.tiff,data/distorted/.tiff/0005_noise_scratch_blur_frame_49.tiff
6,0,incremental,spot,40,data/clean/.tiff/0006_frame_00.tiff,data/distorted/.tiff/0006_spot_frame_00.tiff
6,1,incremental,spot,41,data/clean/.tiff/0006_frame_01.tiff,data/distorted/.tiff/0006_spot_frame_01.tiff
6,2,incremental,spot,42,data/clean/.tiff/0006_frame_02.tiff,data/distorted/.tiff/0006_spot_frame_02.tiff
6,3,incremental,spot,43,data/clean/.tiff/0006_frame_03.tiff,data/distorted/.tiff/0006_spot_frame_03.tiff
6,4,incremental,spot,44,data/clean/.tiff/0006_frame_04.tiff,data/distorted/.tiff/0006_spot_frame_04.tiff
6,5,incremental,spot,45,data/clean/.tiff/0006_frame_05.tiff,data/distorted/.tiff/0006_spot_frame_05.tiff
6,6,incremental,spot,46,data/clean/.tiff/0006_frame_06.tiff,data/distorted/.tiff/0006_spot_frame_06.tiff
6,7,incremental,spot,47,data/clean/.tiff/0006_frame_07.tiff,data/distorted/.tiff/0006_spot_frame_07.tiff
6,8,incremental,spot,48,data/clean/.tiff/0006_frame_08.tiff,data/distorted/.tiff/0006_spot_frame_08.tiff
6,9,incremental,spot,49,data/clean/.tiff/0006_frame_09.tiff,data/distorted/.tiff/0006_spot_frame_09.tiff
6,10,incremental,spot,50,data/clean/.tiff/0006_frame_10.tiff,data/distorted/.tiff/0006_spot_frame_10.tiff
6,11,incremental,spot,51,data/clean/.tiff/0006_frame_11.tiff,data/distorted/.tiff/0006_spot_frame_11.tiff
6,12,incremental,spot,52,data/clean/.tiff/0006_frame_12.tiff,data/distorted/.tiff/0006_spot_frame_12.tiff
6,13,incremental,spot,53,data/clean/.tiff/0006_frame_13.tiff,data/distorted/.tiff/0006_spot_frame_13.tiff
6,14,incremental,spot,54,data/clean/.tiff/0006_frame_14.tiff,data/distorted/.tiff/0006_spot_frame_14.tiff
6,15,incremental,spot,55,data/clean/.tiff/0006_frame_15.tiff,data/distorted/.tiff/0006_spot_frame_15.tiff
6,16,incremental,spot,56,data/clean/.tiff/0006_frame_16.tiff,data/distorted/.tiff/0006_spot_frame_16.tiff
6,17,incremental,spot,57,data/clean/.tiff/0006_frame_17.tiff,data/distorted/.tiff/0006_spot_frame_17.tiff
6,18,incremental,spot,58,data/clean/.tiff/0006_frame_18.tiff,data/distorted/.tiff/0006_spot_frame_18.tiff
6,19,incremental,spot,59,data/clean/.tiff/0006_frame_19.tiff,data/distorted/.tiff/0006_spot_frame_19.tiff
6,20,incremental,spot,60,data/clean/.tiff/0006_frame_20.tiff,data/distorted/.tiff/0006_spot_frame_20.tiff
6,21,incremental,spot,61,data/clean/.tiff/0006_frame_21.tiff,data/distorted/.tiff/0006_spot_frame_21.tiff
6,22,incremental,spot,62,data/clean/.tiff/0006_frame_22.tiff,data/distorted/.tiff/0006_spot_frame_22.tiff
6,23,incremental,spot,63,data/clean/.tiff/0006_frame_23.tiff,data/distorted/.tiff/0006_spot_frame_23.tiff
6,24,incremental,spot,64,data/clean/.tiff/0006_frame_24.tiff,data/distorted/.tiff/0006_spot_frame_24.tiff
6,25,incremental,spot,65,data/clean/.tiff/0006_frame_25.tiff,data/distorted/.tiff/0006_spot_frame_25.tiff
6,26,incremental,spot,66,data/clean/.tiff/0006_frame_26.tiff,data/distorted/.tiff/0006_spot_frame_26.tiff
6,27,incremental,spot,67,data/clean/.tiff/0006_frame_27.tiff,data/distorted/.tiff/0006_spot_frame_27.tiff
6,28,incremental,spot,68,data/clean/.tiff/0006_frame_28.tiff,data/distorted/.tiff/0006_spot_frame_28.tiff
6,29,incremental,spot,69,data/clean/.tiff/0006_frame_29.tiff,data/distorted/.tiff/0006_spot_frame_29.tiff
6,30,incremental,spot,70,data/clean/.tiff/0006_frame_30.tiff,data/distorted/.tiff/0006_spot_frame_30.tiff
6,31,incremental,spot,71,data/clean/.tiff/0006_frame_31.tiff,data/distorted/.tiff/0006_spot_frame_31.tiff
6,32,incremental,spot,72,data/clean/.tiff/0006_frame_32.tiff,data/distorted/.tiff/0006_spot_frame_32.tiff
6,33,incremental,spot,73,data/clean/.tiff/0006_frame_33.tiff,data/distorted/.tiff/0006_spot_frame_33.tiff
6,34,incremental,spot,74,data/clean/.tiff/0006_frame_34.tiff,data/distorted/.tiff/0006_spot_frame_34.tiff
6,35,incremental,spot,75,data/clean/.tiff/0006_frame_35.tiff,data/distorted/.tiff/0006_spot_frame_35.tiff
6,36,incremental,spot,76,data/clean/.tiff/0006_frame_36.tiff,data/distorted/.tiff/0006_spot_frame_36.tiff
6,37,incremental,spot,77,data/clean/.tiff/0006_frame_37.tiff,data/distorted/.tiff/0006_spot_frame_37.tiff
6,38,incremental,spot,78,data/clean/.tiff/0006_frame_38.tiff,data/distorted/.tiff/0006_spot_frame_38.tiff
6,39,incremental,spot,79,data/clean/.tiff/0006_frame_39.tiff,data/distorted/.tiff/0006_spot_frame_39.tiff
6,40,incremental,spot,80,data/clean/.tiff/0006_frame_40.tiff,data/distorted/.tiff/0006_spot_frame_40.tiff
6,41,incremental,spot,81,data/clean/.tiff/0006_frame_41.tiff,data/distorted/.tiff/0006_spot_frame_41.tiff
6,42,incremental,spot,82,data/clean/.tiff/0006_frame_42.tiff,data/distorted/.tiff/0006_spot_frame_42.tiff
6,43,incremental,spot,83,data/clean/.tiff/0006_frame_43.tiff,data/distorted/.tiff/0006_spot_frame_43.tiff
6,44,incremental,spot,84,data/clean/.tiff/0006_frame_44.tiff,data/distorted/.tiff/0006_spot_frame_44.tiff
6,45,incremental,spot,85,data/clean/.tiff/0006_frame_45.tiff,data/distorted/.tiff/0006_spot_frame_45.tiff
6,46,incremental,spot,86,data/clean/.tiff/0006_frame_46.tiff,data/distorted/.tiff/0006_spot_frame_46.tiff
6,47,incremental,spot,87,data/clean/.tiff/0006_frame_47.tiff,data/distorted/.tiff/0006_spot_frame_47.tiff
6,48,incremental,spot,88,data/clean/.tiff/0006_frame_48.tiff,data/distorted/.tiff/0006_spot_frame_48.tiff
6,49,incremental,spot,89,data/clean/.tiff/0006_frame_49.tiff,data/distorted/.tiff/0006_spot_frame_49.tiff
